{
	"credit": "Made with Blockbench",
	"textures": {
		"bloodyvengeance": "item/bloodyvengeance"
	},
	"elements": [
		{
			"name": "Box1",
			"from": [7.625, 6.125, 8.0625],
			"to": [8.125, 11.375, 8.1875],
			"faces": {
				"north": {"uv": [8.125, 4.625, 7.625, 9.875], "texture": "#bloodyvengeance"},
				"east": {"uv": [8.125, 9.875, 8, 4.625], "rotation": 180, "texture": "#bloodyvengeance"},
				"south": {"uv": [7.625, 4.625, 8.125, 9.875], "texture": "#bloodyvengeance"},
				"west": {"uv": [7.625, 4.625, 7.75, 9.875], "texture": "#bloodyvengeance"},
				"up": {"uv": [7.625, 4.75, 8.125, 4.625], "texture": "#bloodyvengeance"},
				"down": {"uv": [7.625, 9.75, 8.125, 9.875], "texture": "#bloodyvengeance"}
			}
		},
		{
			"name": "Box2",
			"from": [7.625, 5, 7.875],
			"to": [8.375, 5.25, 8.375],
			"faces": {
				"north": {"uv": [8.375, 10.75, 7.625, 11], "texture": "#bloodyvengeance"},
				"east": {"uv": [8.375, 11, 8.25, 10.75], "rotation": 180, "texture": "#bloodyvengeance"},
				"south": {"uv": [7.625, 10.75, 8.375, 11], "texture": "#bloodyvengeance"},
				"west": {"uv": [7.625, 10.75, 7.75, 11], "texture": "#bloodyvengeance"},
				"up": {"uv": [7.625, 10.875, 8.375, 10.75], "texture": "#bloodyvengeance"},
				"down": {"uv": [7.625, 10.875, 8.375, 11], "texture": "#bloodyvengeance"}
			}
		},
		{
			"name": "Box3",
			"from": [7.75, 11.875, 8.0625],
			"to": [8.375, 12, 8.1875],
			"faces": {
				"north": {"uv": [8.375, 4, 7.75, 4.125], "texture": "#bloodyvengeance"},
				"east": {"uv": [8.375, 4.125, 8.25, 4], "rotation": 180, "texture": "#bloodyvengeance"},
				"south": {"uv": [7.75, 4, 8.375, 4.125], "texture": "#bloodyvengeance"},
				"west": {"uv": [7.75, 4, 7.875, 4.125], "texture": "#bloodyvengeance"},
				"up": {"uv": [7.75, 4.125, 8.375, 4], "texture": "#bloodyvengeance"},
				"down": {"uv": [7.75, 4, 8.375, 4.125], "texture": "#bloodyvengeance"}
			}
		},
		{
			"name": "Box4",
			"from": [7.75, 11.375, 8.0625],
			"to": [8.25, 11.875, 8.1875],
			"faces": {
				"north": {"uv": [8.25, 4.125, 7.75, 4.625], "texture": "#bloodyvengeance"},
				"east": {"uv": [8.25, 4.625, 8.125, 4.125], "rotation": 180, "texture": "#bloodyvengeance"},
				"south": {"uv": [7.75, 4.125, 8.25, 4.625], "texture": "#bloodyvengeance"},
				"west": {"uv": [7.75, 4.125, 7.875, 4.625], "texture": "#bloodyvengeance"},
				"up": {"uv": [7.75, 4.25, 8.25, 4.125], "texture": "#bloodyvengeance"},
				"down": {"uv": [7.75, 4.5, 8.25, 4.625], "texture": "#bloodyvengeance"}
			}
		},
		{
			"name": "Box5",
			"from": [7.75, 4, 8.0625],
			"to": [8.25, 6.125, 8.1875],
			"faces": {
				"north": {"uv": [8.25, 9.875, 7.75, 12], "texture": "#bloodyvengeance"},
				"east": {"uv": [8.25, 12, 8.125, 9.875], "rotation": 180, "texture": "#bloodyvengeance"},
				"south": {"uv": [7.75, 9.875, 8.25, 12], "texture": "#bloodyvengeance"},
				"west": {"uv": [7.75, 9.875, 7.875, 12], "texture": "#bloodyvengeance"},
				"up": {"uv": [7.75, 10, 8.25, 9.875], "texture": "#bloodyvengeance"},
				"down": {"uv": [7.75, 11.875, 8.25, 12], "texture": "#bloodyvengeance"}
			}
		},
		{
			"name": "Box6",
			"from": [7.875, 12, 8.0625],
			"to": [8.375, 12.25, 8.1875],
			"faces": {
				"north": {"uv": [8.375, 3.75, 7.875, 4], "texture": "#bloodyvengeance"},
				"east": {"uv": [8.375, 4, 8.25, 3.75], "rotation": 180, "texture": "#bloodyvengeance"},
				"south": {"uv": [7.875, 3.75, 8.375, 4], "texture": "#bloodyvengeance"},
				"west": {"uv": [7.875, 3.75, 8, 4], "texture": "#bloodyvengeance"},
				"up": {"uv": [7.875, 3.875, 8.375, 3.75], "texture": "#bloodyvengeance"},
				"down": {"uv": [7.875, 3.875, 8.375, 4], "texture": "#bloodyvengeance"}
			}
		},
		{
			"name": "Box7",
			"from": [7.875, 2.125, 7.9375],
			"to": [8.25, 4, 8.3125],
			"faces": {
				"north": {"uv": [8.25, 12, 7.875, 13.875], "texture": "#bloodyvengeance"},
				"east": {"uv": [8.25, 13.875, 8.125, 12], "rotation": 180, "texture": "#bloodyvengeance"},
				"south": {"uv": [7.875, 12, 8.25, 13.875], "texture": "#bloodyvengeance"},
				"west": {"uv": [7.875, 12, 8, 13.875], "texture": "#bloodyvengeance"},
				"up": {"uv": [7.875, 12.125, 8.25, 12], "texture": "#bloodyvengeance"},
				"down": {"uv": [7.875, 13.75, 8.25, 13.875], "texture": "#bloodyvengeance"}
			}
		},
		{
			"name": "Box8",
			"from": [8, 12.25, 8.0625],
			"to": [8.375, 12.375, 8.1875],
			"faces": {
				"north": {"uv": [8.375, 3.625, 8, 3.75], "texture": "#bloodyvengeance"},
				"east": {"uv": [8.375, 3.75, 8.25, 3.625], "rotation": 180, "texture": "#bloodyvengeance"},
				"south": {"uv": [8, 3.625, 8.375, 3.75], "texture": "#bloodyvengeance"},
				"west": {"uv": [8, 3.625, 8.125, 3.75], "texture": "#bloodyvengeance"},
				"up": {"uv": [8, 3.75, 8.375, 3.625], "texture": "#bloodyvengeance"},
				"down": {"uv": [8, 3.625, 8.375, 3.75], "texture": "#bloodyvengeance"}
			}
		},
		{
			"name": "Box9",
			"from": [8.125, 12.375, 8.0625],
			"to": [8.375, 12.5, 8.1875],
			"faces": {
				"north": {"uv": [8.375, 3.5, 8.125, 3.625], "texture": "#bloodyvengeance"},
				"east": {"uv": [8.375, 3.625, 8.25, 3.5], "rotation": 180, "texture": "#bloodyvengeance"},
				"south": {"uv": [8.125, 3.5, 8.375, 3.625], "texture": "#bloodyvengeance"},
				"west": {"uv": [8.125, 3.5, 8.25, 3.625], "texture": "#bloodyvengeance"},
				"up": {"uv": [8.125, 3.625, 8.375, 3.5], "texture": "#bloodyvengeance"},
				"down": {"uv": [8.125, 3.5, 8.375, 3.625], "texture": "#bloodyvengeance"}
			}
		},
		{
			"name": "Box10",
			"from": [8.125, 6.125, 8.0938],
			"to": [8.25, 6.5, 8.1563],
			"faces": {
				"north": {"uv": [8.25, 9.5, 8.125, 9.875], "texture": "#bloodyvengeance"},
				"east": {"uv": [8.25, 9.875, 8.125, 9.5], "rotation": 180, "texture": "#bloodyvengeance"},
				"south": {"uv": [8.125, 9.5, 8.25, 9.875], "texture": "#bloodyvengeance"},
				"west": {"uv": [8.125, 9.5, 8.25, 9.875], "texture": "#bloodyvengeance"},
				"up": {"uv": [8.125, 9.625, 8.25, 9.5], "texture": "#bloodyvengeance"},
				"down": {"uv": [8.125, 9.75, 8.25, 9.875], "texture": "#bloodyvengeance"}
			}
		},
		{
			"name": "Box11",
			"from": [8.25, 12.5, 8.0625],
			"to": [8.375, 12.625, 8.1875],
			"faces": {
				"north": {"uv": [8.375, 3.375, 8.25, 3.5], "texture": "#bloodyvengeance"},
				"east": {"uv": [8.375, 3.5, 8.25, 3.375], "rotation": 180, "texture": "#bloodyvengeance"},
				"south": {"uv": [8.25, 3.375, 8.375, 3.5], "texture": "#bloodyvengeance"},
				"west": {"uv": [8.25, 3.375, 8.375, 3.5], "texture": "#bloodyvengeance"},
				"up": {"uv": [8.25, 3.5, 8.375, 3.375], "texture": "#bloodyvengeance"},
				"down": {"uv": [8.25, 3.375, 8.375, 3.5], "texture": "#bloodyvengeance"}
			}
		},
		{
			"name": "Box12",
			"from": [8.25, 2.125, 7.9375],
			"to": [8.375, 3.625, 8.3125],
			"faces": {
				"north": {"uv": [8.375, 12.375, 8.25, 13.875], "texture": "#bloodyvengeance"},
				"east": {"uv": [8.375, 13.875, 8.25, 12.375], "rotation": 180, "texture": "#bloodyvengeance"},
				"south": {"uv": [8.25, 12.375, 8.375, 13.875], "texture": "#bloodyvengeance"},
				"west": {"uv": [8.25, 12.375, 8.375, 13.875], "texture": "#bloodyvengeance"},
				"up": {"uv": [8.25, 12.5, 8.375, 12.375], "texture": "#bloodyvengeance"},
				"down": {"uv": [8.25, 13.75, 8.375, 13.875], "texture": "#bloodyvengeance"}
			}
		},
		{
			"name": "Box5",
			"from": [8, 5.25, 8],
			"to": [8.25, 6.5, 8.25],
			"faces": {
				"north": {"uv": [8.25, 9.5, 8, 10.75], "texture": "#bloodyvengeance"},
				"east": {"uv": [8.25, 9.5, 8.125, 10.75], "texture": "#bloodyvengeance"},
				"south": {"uv": [8, 9.5, 8.25, 10.75], "texture": "#bloodyvengeance"},
				"west": {"uv": [8, 9.5, 8.125, 10.75], "texture": "#bloodyvengeance"},
				"up": {"uv": [8, 9.625, 8.25, 9.5], "texture": "#bloodyvengeance"},
				"down": {"uv": [8, 10.625, 8.25, 10.75], "texture": "#bloodyvengeance"}
			}
		},
		{
			"name": "Box5",
			"from": [7.875, 6.25, 8],
			"to": [8.125, 11.5, 8.25],
			"faces": {
				"north": {"uv": [8.125, 4.5, 7.875, 9.75], "texture": "#bloodyvengeance"},
				"east": {"uv": [8.125, 4.5, 8, 9.75], "texture": "#bloodyvengeance"},
				"south": {"uv": [7.875, 4.5, 8.125, 9.75], "texture": "#bloodyvengeance"},
				"west": {"uv": [7.875, 4.5, 8, 9.75], "texture": "#bloodyvengeance"},
				"up": {"uv": [7.875, 4.625, 8.125, 4.5], "texture": "#bloodyvengeance"},
				"down": {"uv": [7.875, 9.625, 8.125, 9.75], "texture": "#bloodyvengeance"}
			}
		},
		{
			"name": "Box5",
			"from": [8, 11.375, 8.0625],
			"to": [8.25, 12, 8.1875],
			"faces": {
				"north": {"uv": [8.25, 4, 8, 4.625], "texture": "#bloodyvengeance"},
				"east": {"uv": [8.25, 4, 8.125, 4.625], "texture": "#bloodyvengeance"},
				"south": {"uv": [8, 4, 8.25, 4.625], "texture": "#bloodyvengeance"},
				"west": {"uv": [8, 4, 8.125, 4.625], "texture": "#bloodyvengeance"},
				"up": {"uv": [8, 4.125, 8.25, 4], "texture": "#bloodyvengeance"},
				"down": {"uv": [8, 4.5, 8.25, 4.625], "texture": "#bloodyvengeance"}
			}
		},
		{
			"name": "Box5",
			"from": [8.125, 11.875, 8.0625],
			"to": [8.375, 12.25, 8.1875],
			"faces": {
				"north": {"uv": [8.375, 3.75, 8.125, 4.125], "texture": "#bloodyvengeance"},
				"east": {"uv": [8.375, 3.75, 8.25, 4.125], "texture": "#bloodyvengeance"},
				"south": {"uv": [8.125, 3.75, 8.375, 4.125], "texture": "#bloodyvengeance"},
				"west": {"uv": [8.125, 3.75, 8.25, 4.125], "texture": "#bloodyvengeance"},
				"up": {"uv": [8.125, 3.875, 8.375, 3.75], "texture": "#bloodyvengeance"},
				"down": {"uv": [8.125, 4, 8.375, 4.125], "texture": "#bloodyvengeance"}
			}
		},
		{
			"name": "Box5",
			"from": [8.25, 12.25, 8],
			"to": [8.375, 12.375, 8.25],
			"faces": {
				"north": {"uv": [8.375, 3.625, 8.25, 3.75], "texture": "#bloodyvengeance"},
				"east": {"uv": [8.375, 3.625, 8.25, 3.75], "texture": "#bloodyvengeance"},
				"south": {"uv": [8.25, 3.625, 8.375, 3.75], "texture": "#bloodyvengeance"},
				"west": {"uv": [8.25, 3.625, 8.375, 3.75], "texture": "#bloodyvengeance"},
				"up": {"uv": [8.25, 3.75, 8.375, 3.625], "texture": "#bloodyvengeance"},
				"down": {"uv": [8.25, 3.625, 8.375, 3.75], "texture": "#bloodyvengeance"}
			}
		},
		{
			"name": "Box5",
			"from": [7.75, 4, 7.9375],
			"to": [8.25, 5, 8.3125],
			"faces": {
				"north": {"uv": [8.25, 11, 7.75, 12], "texture": "#bloodyvengeance"},
				"east": {"uv": [8.25, 11, 8.125, 12], "texture": "#bloodyvengeance"},
				"south": {"uv": [7.75, 11, 8.25, 12], "texture": "#bloodyvengeance"},
				"west": {"uv": [7.75, 11, 7.875, 12], "texture": "#bloodyvengeance"},
				"up": {"uv": [7.75, 11.125, 8.25, 11], "texture": "#bloodyvengeance"},
				"down": {"uv": [7.75, 11.875, 8.25, 12], "texture": "#bloodyvengeance"}
			}
		},
		{
			"name": "Box5",
			"from": [8.125, 11.875, 8],
			"to": [8.375, 12.25, 8.25],
			"faces": {
				"north": {"uv": [8.375, 3.75, 8.125, 4.125], "texture": "#bloodyvengeance"},
				"east": {"uv": [8.375, 3.75, 8.25, 4.125], "texture": "#bloodyvengeance"},
				"south": {"uv": [8.125, 3.75, 8.375, 4.125], "texture": "#bloodyvengeance"},
				"west": {"uv": [8.125, 3.75, 8.25, 4.125], "texture": "#bloodyvengeance"},
				"up": {"uv": [8.125, 3.875, 8.375, 3.75], "texture": "#bloodyvengeance"},
				"down": {"uv": [8.125, 4, 8.375, 4.125], "texture": "#bloodyvengeance"}
			}
		},
		{
			"name": "Box5",
			"from": [8, 11.375, 8],
			"to": [8.25, 12, 8.25],
			"faces": {
				"north": {"uv": [8.25, 4, 8, 4.625], "texture": "#bloodyvengeance"},
				"east": {"uv": [8.25, 4, 8.125, 4.625], "texture": "#bloodyvengeance"},
				"south": {"uv": [8, 4, 8.25, 4.625], "texture": "#bloodyvengeance"},
				"west": {"uv": [8, 4, 8.125, 4.625], "texture": "#bloodyvengeance"},
				"up": {"uv": [8, 4.125, 8.25, 4], "texture": "#bloodyvengeance"},
				"down": {"uv": [8, 4.5, 8.25, 4.625], "texture": "#bloodyvengeance"}
			}
		}
	],
	
	"gui_light": "front",
	"display": {
		"thirdperson_righthand": {
			"rotation": [0, -90, 0],
			"translation": [0.4, 10.086, 1],
			"scale": [3, 3, 3]
		},
		"thirdperson_lefthand": {
			"rotation": [0, 90, 0],
			"translation": [-0.4, 10.086, 1],
			"scale": [3, 3, 3]
		},
		"firstperson_righthand": {
			"rotation": [17, -90, 0],
			"translation": [2.6, 5, -0.008],
			"scale": [2, 2, 2]
		},
		"firstperson_lefthand": {
			"rotation": [17, 90, 0],
			"translation": [2.6, 5, -0.008],
			"scale": [2, 2, 2]
		},
		"ground": {
			"rotation": [0, 0, -45],
			"translation": [0, 3.3956, 0],
			"scale": [2.1, 2.1, 2.1]
		},
		"gui": {
			"rotation": [0, 0, -45],
			"translation": [0.75, 0.75, 0],
			"scale": [1.8, 1.8, 1.8]
		},
		"head": {
			"rotation": [0, 0, 45],
			"translation": [0, 19, 0],
			"scale": [2, 2, 2]
		},
		"fixed": {
			"rotation": [0, 0, 90],
			"translation": [-1.25, -0.5, -2],
			"scale": [4, 4, 4]
		}
	}
}